date,strategy,portfolio_return,portfolio_return_pct,portfolio_value,top20_tickers,avg_score,cumulative_return
2023-01-02,단기 전략,0.001134288726997382,0.1134288726997382,100113428.87269974,"[15760, 34730, 5380, 36460, 12330]",0.029391436649999998,0.113428872699739
2023-01-03,단기 전략,0.003226221594709152,0.3226221594709152,100436416.97884923,"[15760, 34730, 5380, 12330, 30000]",0.029391436649999998,0.43641697884924113
2023-01-04,단기 전략,-0.004770370037464495,-0.47703700374644953,99957298.10462303,"[15760, 34730, 5380, 30000, 36460]",0.029391436649999998,-0.04270189537696201
2023-01-05,단기 전략,0.0003577416563285949,0.03577416563285949,99993056.9940091,"[15760, 5380, 34730, 97950, 36460]",0.02939143665,-0.006943005990889262
2023-01-06,단기 전략,0.0001099180436226972,0.01099180436226972,100004048.03520973,"[15760, 34730, 5380, 3240, 30000]",0.029391436649999998,0.004048035209724965
2023-01-09,단기 전략,0.003821637924511522,0.38216379245115223,100386227.29778576,"[15760, 34730, 36460, 5380, 3240]",0.02939143665,0.38622729778576836
2023-01-10,단기 전략,0.004258078023977392,0.42580780239773924,100813679.68615246,"[15760, 34730, 5380, 30000, 36460]",0.029391436649999998,0.8136796861524687
2023-01-11,단기 전략,0.0036229123128186684,0.36229123128186685,101178918.80758798,"[15760, 34730, 97950, 30000, 5380]",0.029391436649999998,1.1789188075879808
2023-01-12,단기 전략,0.001125440785189028,0.1125440785189028,101292789.68941538,"[15760, 5380, 34730, 97950, 17670]",0.029391436649999998,1.2927896894153745
2023-01-13,단기 전략,0.006490906055534812,0.6490906055534812,101950271.67139241,"[15760, 5380, 34730, 97950, 17670]",0.029391436649999998,1.9502716713924118
2023-01-16,단기 전략,0.006031210996559564,0.6031210996559564,102565155.27099913,"[15760, 34730, 5380, 97950, 30000]",0.029391436649999998,2.565155270999142
2023-01-17,단기 전략,0.0018157584649789236,0.18157584649789235,102751388.81989433,"[15760, 34730, 30000, 97950, 5380]",0.02939143665,2.751388819894318
2023-01-18,단기 전략,-0.005695202565487148,-0.5695202565487149,102166198.8466799,"[15760, 34730, 5380, 36460, 97950]",0.029391436649999998,2.166198846679901
2023-01-19,단기 전략,0.0027322485393076828,0.2732248539307683,102445342.29424536,"[15760, 34730, 5380, 97950, 17670]",0.029391436649999998,2.445342294245356
2023-01-20,단기 전략,0.002200412877339961,0.22004128773399612,102670764.34465311,"[15760, 5380, 34730, 97950, 12330]",0.029391436649999998,2.6707643446531204
2023-01-23,단기 전략,-0.0030534065660649872,-0.30534065660649873,102357268.75866024,"[15760, 5380, 34730, 36460, 97950]",0.029391436649999998,2.357268758660247
2023-01-24,단기 전략,0.00750303951978377,0.7503039519783771,103125259.39129359,"[15760, 34730, 5380, 36460, 97950]",0.029391436649999998,3.1252593912935778
2023-01-25,단기 전략,0.00930402252384488,0.9304022523844879,104084739.12744752,"[15760, 34730, 97950, 36460, 5380]",0.029391436649999998,4.084739127447512
2023-01-26,단기 전략,-0.004517908417501409,-0.45179084175014084,103614493.80841018,"[15760, 34730, 5380, 97950, 17670]",0.029391436649999998,3.6144938084101907
2023-01-27,단기 전략,0.006522455478623279,0.6522455478623279,104290314.73121561,"[15760, 5380, 34730, 97950, 30000]",0.029391436649999998,4.2903147312156165
2023-01-30,단기 전략,0.008482428343171883,0.8482428343171884,105174949.85281,"[15760, 5380, 34730, 97950, 1040]",0.029391436649999998,5.174949852809996
2023-01-31,단기 전략,0.0045440461200204835,0.45440461200204835,105652869.67561202,"[15760, 97950, 5380, 30000, 17670]",0.029391436649999998,5.652869675612027
2023-02-01,단기 전략,-0.006029058739750059,-0.602905873975006,105015882.3183146,"[15760, 5380, 34730, 97950, 30000]",0.029391436649999998,5.015882318314602
2023-02-02,단기 전략,-0.0013129501774400158,-0.13129501774400157,104878001.69699074,"[15760, 34730, 97950, 17670, 5380]",0.029391436649999998,4.8780016969907525
2023-02-03,단기 전략,0.00102106024740875,0.102106024740875,104985088.4553512,"[15760, 5380, 34730, 97950, 36460]",0.029391436649999998,4.985088455351194
2023-02-06,단기 전략,0.006249342247319945,0.6249342247319944,105641176.20397386,"[15760, 5380, 34730, 1040, 17670]",0.029391436649999998,5.641176203973863
2023-02-07,단기 전략,0.001971793975512321,0.1971793975512321,105849478.8387789,"[15760, 5380, 34730, 30200, 240]",0.029391436649999998,5.849478838778888
2023-02-08,단기 전략,0.003787868652582845,0.37878686525828453,106250422.76156452,"[15760, 34730, 5380, 36460, 1040]",0.029391436649999998,6.250422761564534
2023-02-09,단기 전략,-0.005619083945899961,-0.5619083945899961,105653392.71677993,"[15760, 34730, 5380, 97950, 28260]",0.029391436649999998,5.653392716779937
2023-02-10,단기 전략,-0.009266683474260677,-0.9266683474260677,104674336.16849178,"[15760, 34730, 5380, 36460, 97950]",0.029391436649999998,4.674336168491777
2023-02-13,단기 전략,-0.004469086016643728,-0.4469086016643728,104206537.5564197,"[15760, 5380, 34730, 3240, 36460]",0.02939143665,4.206537556419709
2023-02-14,단기 전략,-0.002583809183519241,-0.2583809183519241,103937287.74769868,"[15760, 34730, 5380, 36460, 1040]",0.029391436649999998,3.937287747698681
2023-02-15,단기 전략,-0.006209328033290153,-0.6209328033290152,103291907.03318276,"[15760, 34730, 5380, 30000, 97950]",0.029391436649999998,3.2919070331827616
2023-02-16,단기 전략,0.00585828230688594,0.585828230688594,103897020.18459976,"[15760, 34730, 5380, 3240, 30000]",0.02939143665,3.8970201845997643
2023-02-17,단기 전략,-0.00020532777484851827,-0.020532777484851827,103875687.24063186,"[15760, 34730, 5380, 36460, 97950]",0.02939143665,3.875687240631853
2023-02-20,단기 전략,-0.003796662538519781,-0.3796662538519781,103481306.31022236,"[15760, 5380, 34730, 3240, 97950]",0.029391436649999998,3.481306310222365
2023-02-21,단기 전략,0.0028682711540565942,0.2868271154056594,103778118.75609607,"[15760, 34730, 5380, 30000, 36460]",0.02939143665,3.7781187560960605
2023-02-22,단기 전략,0.0066989709049087905,0.6698970904908791,104473325.35420932,"[15760, 5380, 34730, 36460, 30000]",0.02939143665,4.473325354209323
2023-02-23,단기 전략,0.007273590925736676,0.7273590925736676,105233221.58548723,"[15760, 34730, 5380, 36460, 17670]",0.029391436649999998,5.233221585487224
2023-02-24,단기 전략,0.0017689778873439625,0.17689778873439627,105419376.82748593,"[15760, 5380, 34730, 36460, 97950]",0.029391436649999998,5.419376827485944
2023-02-27,단기 전략,-0.002878812382714801,-0.2878812382714801,105115894.22009689,"[15760, 34730, 5380, 3240, 17670]",0.029391436649999998,5.115894220096884
2023-02-28,단기 전략,0.007472054508393708,0.7472054508393708,105901325.91140799,"[15760, 34730, 35250, 30000, 30200]",0.0391817244,5.901325911407995
2023-03-01,단기 전략,-0.004122332222189456,-0.41223322221894565,105464765.4632308,"[15760, 34730, 35250, 30200, 69960]",0.039181724400000006,5.464765463230803
2023-03-02,단기 전략,0.006125149227519852,0.6125149227519852,106110752.88993847,"[15760, 34730, 69620, 35250, 96770]",0.039181724400000006,6.1107528899384755
2023-03-03,단기 전략,0.0010695207411127957,0.10695207411127958,106224240.54100937,"[15760, 34730, 69620, 28260, 5380]",0.0391817244,6.224240541009363
2023-03-06,단기 전략,-0.0015304074366990761,-0.1530407436699076,106061674.1733277,"[15760, 34730, 3090, 30200, 69620]",0.0391817244,6.061674173327702
2023-03-07,단기 전략,-0.0011171462546492206,-0.11171462546492206,105943187.77126314,"[15760, 34730, 30200, 1440, 35250]",0.039181724400000006,5.943187771263148
2023-03-08,단기 전략,0.00021368541264085266,0.021368541264085265,105965826.28505853,"[15760, 34730, 3090, 69620, 30200]",0.039181724400000006,5.965826285058529
2023-03-09,단기 전략,0.002145391045061423,0.21453910450614228,106193164.41985303,"[15760, 34730, 35250, 30200, 69620]",0.0391817244,6.193164419853026
2023-03-10,단기 전략,-0.0017628702268150831,-0.1762870226815083,106005959.65200599,"[15760, 34730, 30200, 1440, 28260]",0.0391817244,6.005959652005988
2023-03-13,단기 전략,0.0014810511874542508,0.1481051187454251,106162959.90442583,"[15760, 34730, 30200, 375500, 69620]",0.0391817244,6.162959904425835
2023-03-14,단기 전략,-0.000833347026997521,-0.0833347026997521,106074489.31741221,"[15760, 34730, 30200, 35250, 80]",0.039181724400000006,6.074489317412213
2023-03-15,단기 전략,0.009698874275610026,0.9698874275610025,107103292.45315135,"[15760, 34730, 35250, 69620, 3090]",0.0391817244,7.103292453151355
2023-03-16,단기 전략,-0.0011533309274468478,-0.11533309274468478,106979766.91353375,"[15760, 34730, 30200, 69620, 375500]",0.0391817244,6.979766913533747
2023-03-17,단기 전략,0.004955368159572334,0.49553681595723337,107509891.04421555,"[15760, 34730, 28260, 30200, 35250]",0.039181724400000006,7.509891044215555
2023-03-20,단기 전략,0.006317961257341295,0.6317961257341296,108189134.37061387,"[15760, 34730, 30200, 28260, 3090]",0.039181724400000006,8.189134370613882
2023-03-21,단기 전략,0.007647069876376175,0.7647069876376175,109016464.2410106,"[15760, 34730, 35250, 80, 3090]",0.0391817244,9.016464241010613
2023-03-22,단기 전략,0.003670173347233854,0.36701733472338544,109416573.56247765,"[15760, 34730, 69620, 5380, 69960]",0.0391817244,9.416573562477648
2023-03-23,단기 전략,0.003504662181737411,0.35046621817374113,109800041.68989736,"[15760, 34730, 30200, 35250, 69620]",0.039181724400000006,9.800041689897366
2023-03-24,단기 전략,-0.004120235142430181,-0.41202351424301814,109347639.69948635,"[15760, 34730, 1440, 3090, 5380]",0.03918172439999999,9.347639699486354
2023-03-27,단기 전략,0.0035247201017986696,0.35247201017986696,109733059.52321936,"[15760, 69620, 34730, 30200, 28260]",0.039181724400000006,9.733059523219367
2023-03-28,단기 전략,0.004003843550615548,0.4003843550615548,110172413.52588072,"[15760, 34730, 30200, 69620, 35250]",0.03918172439999999,10.17241352588072
2023-03-29,단기 전략,0.007362174629872818,0.7362174629872817,110983522.07365283,"[15760, 34730, 2380, 5380, 23530]",0.03788521125,10.983522073652829
2023-03-30,단기 전략,0.003208628559316922,0.3208628559316922,111339626.97219193,"[15760, 34730, 240, 2380, 69620]",0.03788521125,11.33962697219193
2023-03-31,단기 전략,-0.003652153425119204,-0.3652153425119204,110932997.57219395,"[15760, 34730, 4990, 2380, 280360]",0.03788521125,10.932997572193948
2023-04-03,단기 전략,-0.000892739395987677,-0.0892739395987677,110833963.31494625,"[15760, 34730, 2380, 280360, 210]",0.03788521125,10.83396331494626
2023-04-04,단기 전략,-0.0054242501171814115,-0.5424250117181412,110232772.17644748,"[15760, 34730, 210, 3090, 240]",0.03788521125,10.23277217644749
2023-04-05,단기 전략,-0.0018491831050548766,-0.18491831050548765,110028931.59651543,"[15760, 34730, 5380, 210, 23530]",0.03788521125,10.028931596515434
2023-04-06,단기 전략,-0.00351467024084143,-0.351467024084143,109642216.18500158,"[15760, 34730, 5380, 2380, 210]",0.03788521125,9.642216185001583
2023-04-07,단기 전략,-0.007297462214937262,-0.7297462214937261,108842106.25522956,"[15760, 34730, 69620, 210, 5380]",0.03788521125,8.842106255229565
2023-04-10,단기 전략,-0.006012016997387723,-0.6012016997387724,108187745.66239165,"[15760, 5380, 23530, 34730, 210]",0.03788521125,8.187745662391643
2023-04-11,단기 전략,0.010162879223717072,1.0162879223717072,109287244.65504476,"[15760, 34730, 5380, 4990, 3090]",0.03788521125,9.287244655044757
2023-04-12,단기 전략,-0.011580267611840262,-1.1580267611840263,108021669.11537868,"[15760, 34730, 5380, 23530, 4990]",0.03788521125,8.021669115378671
2023-04-13,단기 전략,0.010562967961480662,1.0562967961480663,109162698.5453901,"[15760, 5380, 34730, 2380, 80]",0.03788521125,9.162698545390091
2023-04-14,단기 전략,0.008106616902862173,0.8106616902862173,110047638.7225802,"[15760, 34730, 210, 23530, 3090]",0.03788521125,10.047638722580189
2023-04-17,단기 전략,0.0020046311210505903,0.20046311210505904,110268243.64396162,"[15760, 34730, 4990, 5380, 69620]",0.03788521125,10.268243643961616
2023-04-18,단기 전략,-0.005670723981409198,-0.5670723981409198,109642942.87034194,"[15760, 34730, 5380, 4990, 210]",0.03788521125,9.64294287034193
2023-04-19,단기 전략,0.0026524384507918912,0.26524384507918913,109933764.02786922,"[15760, 34730, 71050, 23530, 3090]",0.03788521125,9.93376402786923
2023-04-20,단기 전략,0.006178623066867603,0.6178623066867603,110613003.3181194,"[15760, 34730, 280360, 23530, 210]",0.03788521125,10.613003318119407
2023-04-21,단기 전략,-0.003898102790219832,-0.3898102790219832,110181822.46125045,"[15760, 34730, 4990, 5380, 280360]",0.03788521125,10.181822461250455
2023-04-24,단기 전략,0.006541059610295294,0.6541059610295293,110902528.32994047,"[15760, 34730, 5380, 4990, 23530]",0.03788521125,10.902528329940475
2023-04-25,단기 전략,-0.007505386054652686,-0.7505386054652686,110070162.04038721,"[15760, 34730, 210, 23530, 4990]",0.03788521125,10.07016204038722
2023-04-26,단기 전략,-0.002665288057674456,-0.2665288057674456,109776793.35199468,"[15760, 34730, 31430, 1040, 28260]",0.03697066135,9.776793351994684
2023-04-27,단기 전략,0.006773780848392907,0.6773780848392907,110520397.29240042,"[15760, 34730, 31430, 1040, 139480]",0.036970661349999996,10.520397292400418
2023-04-28,단기 전략,-0.0010725774896763727,-0.10725774896763728,110401855.6021145,"[15760, 34730, 1040, 17670, 69960]",0.03697066135,10.401855602114507
2023-05-01,단기 전략,-0.004978519014584773,-0.49785190145847735,109852217.86475393,"[15760, 34730, 210, 17670, 1040]",0.03697066135,9.852217864753943
2023-05-02,단기 전략,0.00020073357536851428,0.020073357536851428,109874268.89320807,"[15760, 1040, 5930, 31430, 34730]",0.03697066135000001,9.874268893208082
2023-05-03,단기 전략,0.001532025987939423,0.1532025987939423,110042599.12855831,"[15760, 34730, 69960, 210, 97950]",0.03697066135,10.042599128558315
2023-05-04,단기 전략,-0.006581302925344533,-0.6581302925344532,109318375.44900101,"[15760, 1040, 210, 34730, 69960]",0.03697066135,9.318375449001003
2023-05-05,단기 전략,0.004864021390384497,0.4864021390384497,109850102.36554705,"[15760, 34730, 1040, 210, 35250]",0.036970661349999996,9.850102365547041
2023-05-08,단기 전략,-0.0026517669892246695,-0.2651766989224669,109558805.49033114,"[15760, 34730, 69960, 1040, 36460]",0.03697066135,9.558805490331146
2023-05-09,단기 전략,0.00387106194139644,0.387106194139644,109982914.41260962,"[15760, 34730, 210, 1040, 32350]",0.03697066135,9.982914412609611
2023-05-10,단기 전략,-0.0032570766327982273,-0.3257076632798227,109624691.63206927,"[15760, 34730, 210, 1040, 31430]",0.03697066135,9.624691632069272
2023-05-11,단기 전략,0.007731400518630466,0.7731400518630466,110472244.02980815,"[15760, 34730, 31430, 97950, 35250]",0.03697066135,10.472244029808152
2023-05-12,단기 전략,0.00375577143048475,0.375577143048475,110887152.52779685,"[15760, 34730, 210, 1040, 32350]",0.03697066135,10.88715252779684
2023-05-15,단기 전략,0.007801279073191376,0.7801279073191376,111752214.15029773,"[15760, 1040, 34730, 32350, 28260]",0.03697066135,11.752214150297725
2023-05-16,단기 전략,0.0032741625338694375,0.32741625338694375,112118109.06294559,"[15760, 34730, 1040, 69960, 210]",0.03697066135,12.118109062945592
2023-05-17,단기 전략,5.7751982726201e-05,0.005775198272620101,112124584.1060435,"[15760, 34730, 1040, 97950, 5930]",0.036970661349999996,12.124584106043512
2023-05-18,단기 전략,0.008195499610552964,0.8195499610552964,113043501.09141798,"[15760, 34730, 241590, 31430, 69960]",0.03697066135,13.043501091417987
2023-05-19,단기 전략,-0.0013086706871985856,-0.13086706871985856,112895564.37516135,"[15760, 34730, 31430, 210, 1040]",0.03697066135,12.89556437516135
2023-05-22,단기 전략,0.003290072424144568,0.32900724241445684,113266998.95832029,"[15760, 34730, 31430, 32350, 210]",0.03697066135,13.266998958320286
2023-05-23,단기 전략,0.003257288590535769,0.3257288590535769,113635942.26171145,"[15760, 34730, 1040, 69960, 210]",0.03697066135,13.635942261711453
2023-05-24,단기 전략,0.001813183959791135,0.18131839597911348,113841985.12947614,"[15760, 34730, 1040, 69960, 31430]",0.036970661349999996,13.841985129476143
2023-05-25,단기 전략,-0.0020480959646332147,-0.20480959646332147,113608825.81912664,"[15760, 17670, 34730, 32350, 1040]",0.03697066135,13.608825819126636
2023-05-26,단기 전략,0.008778054744544852,0.8778054744544852,114606090.31163038,"[15760, 5380, 251270, 3240, 10130]",0.037874760599999995,14.606090311630382
2023-05-29,단기 전략,0.006496871801620581,0.6496871801620581,115350671.38806999,"[15760, 139480, 210, 3240, 10130]",0.037874760599999995,15.35067138806998
2023-05-30,단기 전략,0.0030197527279425865,0.3019752727942587,115699001.89266412,"[15760, 3240, 30000, 210, 9830]",0.037874760599999995,15.69900189266411
2023-05-31,단기 전략,0.00420182800696957,0.420182800696957,116185149.19919515,"[15760, 210, 139480, 3240, 9830]",0.0378747606,16.185149199195138
2023-06-01,단기 전략,0.005325928162547285,0.5325928162547285,116803942.9573849,"[15760, 139480, 9830, 210, 5380]",0.037874760599999995,16.803942957384898
2023-06-02,단기 전략,0.004691146290858435,0.46911462908584345,117351887.3411471,"[15760, 139480, 9830, 3240, 36460]",0.037874760599999995,17.351887341147098
2023-06-05,단기 전략,0.002243488871785448,0.22434888717854481,117615164.99447998,"[15760, 139480, 3240, 5380, 251270]",0.037874760599999995,17.615164994479994
2023-06-06,단기 전략,-0.0030737971870508506,-0.30737971870508507,117253639.83116543,"[15760, 139480, 210, 30000, 3240]",0.037874760599999995,17.253639831165437
2023-06-07,단기 전략,-0.000617780254974465,-0.0617780254974465,117181202.84765385,"[15760, 139480, 210, 9830, 5380]",0.037874760599999995,17.181202847653854
2023-06-08,단기 전략,0.006349499702886133,0.6349499702886132,117925244.86031887,"[15760, 139480, 210, 3240, 5380]",0.037874760599999995,17.925244860318877
2023-06-09,단기 전략,0.005902943657292973,0.5902943657292974,118621350.93650182,"[15760, 139480, 210, 5380, 30000]",0.037874760599999995,18.621350936501813
2023-06-12,단기 전략,-0.0005280556743869202,-0.05280556743869202,118558712.25903635,"[15760, 139480, 210, 251270, 5380]",0.037874760599999995,18.558712259036337
2023-06-13,단기 전략,-0.0041645387916286955,-0.4164538791628696,118064969.90274805,"[15760, 139480, 3240, 210, 30000]",0.037874760599999995,18.06496990274804
2023-06-14,단기 전략,-0.00449415130655827,-0.449415130655827,117534368.06400084,"[15760, 139480, 9830, 3240, 79550]",0.037874760599999995,17.534368064000837
2023-06-15,단기 전략,-0.002648914691456804,-0.2648914691456804,117223029.54968503,"[15760, 5380, 210, 9830, 10130]",0.0378747606,17.22302954968502
2023-06-16,단기 전략,0.007118481133955983,0.7118481133955983,118057479.47399963,"[15760, 139480, 3240, 210, 251270]",0.037874760599999995,18.057479473999628
2023-06-19,단기 전략,0.007296118967847135,0.7296118967847135,118918840.8892861,"[15760, 139480, 210, 34730, 10130]",0.0378747606,18.918840889286102
2023-06-20,단기 전략,0.00872902308005734,0.872902308005734,119956886.19606236,"[15760, 139480, 3240, 210, 9830]",0.037874760599999995,19.95688619606235
2023-06-21,단기 전략,0.00179720002351789,0.179720002351789,120172472.71475504,"[15760, 79550, 3240, 9830, 10130]",0.037874760599999995,20.172472714755042
2023-06-22,단기 전략,0.001229183507364332,0.1229183507364332,120320186.73625521,"[15760, 139480, 210, 10130, 5380]",0.0378747606,20.32018673625522
2023-06-23,단기 전략,0.005624023085883859,0.5624023085883859,120996870.24415778,"[15760, 10130, 210, 139480, 251270]",0.037874760599999995,20.996870244157773
2023-06-26,단기 전략,-0.0033497609074250117,-0.3349760907425012,120591559.65829313,"[15760, 139480, 35250, 9830, 210]",0.037874760599999995,20.591559658293136
2023-06-27,단기 전략,0.005576245545673724,0.5576245545673724,121264007.80568354,"[34730, 3090, 28260, 23530, 1040]",0.04208283139999999,21.264007805683537
2023-06-28,단기 전략,0.00494308178093765,0.494308178093765,121863425.71335131,"[34730, 97950, 28260, 23530, 5380]",0.0420828314,21.863425713351315
2023-06-29,단기 전략,0.00018142176204926226,0.018142176204926225,121885534.39077358,"[34730, 97950, 23530, 7310, 4170]",0.042082831400000006,21.885534390773586
2023-06-30,단기 전략,-0.004806484872015288,-0.4806484872015288,121299693.41360682,"[34730, 1040, 4170, 69620, 139480]",0.042082831400000006,21.299693413606825
2023-07-03,단기 전략,0.0002003815766966028,0.02003815766966028,121323999.63742587,"[34730, 69620, 23530, 97950, 5380]",0.0420828314,21.32399963742586
2023-07-04,단기 전략,-0.010665225853740324,-1.0665225853740323,120030051.77981362,"[34730, 5380, 3090, 28260, 120]",0.042082831400000006,20.030051779813608
2023-07-05,단기 전략,0.004409187784834579,0.44091877848345784,120559286.81793424,"[34730, 97950, 23530, 4170, 5380]",0.0420828314,20.559286817934243
2023-07-06,단기 전략,0.001876843021711299,0.1876843021711299,120785557.67410098,"[34730, 23530, 97950, 1040, 28260]",0.0420828314,20.785557674100975
2023-07-07,단기 전략,0.007688178384655501,0.7688178384655502,121714178.58778955,"[34730, 28260, 1040, 97950, 4990]",0.0420828314,21.714178587789547
2023-07-10,단기 전략,0.00600303138488187,0.6003031384881871,122444832.62183715,"[34730, 4170, 23530, 97950, 7310]",0.0420828314,22.444832621837165
2023-07-11,단기 전략,0.009786720179729803,0.9786720179729803,123643165.9361609,"[34730, 23530, 4170, 97950, 1040]",0.042082831400000006,23.643165936160916
2023-07-12,단기 전략,0.002144528989222283,0.21445289892222827,123908322.28983024,"[34730, 97950, 23530, 120, 139480]",0.0420828314,23.90832228983024
2023-07-13,단기 전략,0.007599849746365772,0.7599849746365772,124850006.92155722,"[34730, 23530, 97950, 5380, 139480]",0.042082831400000006,24.85000692155721
2023-07-14,단기 전략,0.0039627729449549995,0.3962772944955,125344759.1511634,"[34730, 139480, 23530, 4990, 69620]",0.0420828314,25.34475915116341
2023-07-17,단기 전략,0.006671103959424919,0.6671103959424919,126180947.07022989,"[34730, 4990, 120, 23530, 97950]",0.0420828314,26.180947070229887
2023-07-18,단기 전략,0.0009205877869919391,0.0920587786991939,126297107.70905383,"[1040, 69620, 23530, 35250, 34730]",0.0420828314,26.297107709053826
2023-07-19,단기 전략,0.003734421075052323,0.37344210750523227,126768754.28980067,"[34730, 1040, 23530, 3090, 4990]",0.0420828314,26.76875428980068
2023-07-20,단기 전략,0.0062930672467059676,0.6293067246705968,127566518.58532752,"[34730, 23530, 4990, 3090, 1040]",0.042082831400000006,27.566518585327525
2023-07-21,단기 전략,-0.002795688525041532,-0.2795688525041532,127209882.33313902,"[23530, 34730, 1040, 4170, 97950]",0.0420828314,27.209882333139014
2023-07-24,단기 전략,-0.00682059595315644,-0.682059595315644,126342235.1244961,"[34730, 97950, 4170, 1040, 139480]",0.0420828314,26.342235124496092
2023-07-25,단기 전략,-0.00636946329218601,-0.6369463292186011,125537502.89561789,"[15760, 34730, 5380, 7310, 7070]",0.0340737736,25.53750289561789
2023-07-26,단기 전략,0.004815559072912029,0.48155590729120296,126142036.15667759,"[15760, 5380, 34730, 6360, 35250]",0.034073773599999996,26.142036156677584
2023-07-27,단기 전략,0.0001695919618560993,0.01695919618560993,126163428.83206192,"[15760, 5380, 7070, 210, 6360]",0.0340737736,26.163428832061907
2023-07-28,단기 전략,0.0034131276648836097,0.34131276648836095,126594040.7213052,"[15760, 34730, 5380, 6360, 1040]",0.0340737736,26.594040721305202
2023-07-31,단기 전략,0.0009450707120509846,0.09450707120509846,126713681.04151112,"[15760, 34730, 1040, 7070, 5380]",0.034073773599999996,26.71368104151113
2023-08-01,단기 전략,0.009249307073242445,0.9249307073242445,127885694.78784496,"[15760, 34730, 5380, 1040, 280360]",0.0340737736,27.88569478784495
2023-08-02,단기 전략,0.0066940360003489826,0.6694036000348983,128741766.23268442,"[15760, 34730, 5380, 1040, 35250]",0.034073773599999996,28.74176623268443
2023-08-03,단기 전략,0.001594372233882129,0.15943722338821292,128947028.53010674,"[15760, 34730, 35250, 5380, 1040]",0.0340737736,28.947028530106735
2023-08-04,단기 전략,0.007808862525957578,0.7808862525957577,129953958.14902908,"[15760, 34730, 5380, 7310, 35250]",0.034073773599999996,29.95395814902908
2023-08-07,단기 전략,0.0017100910244416366,0.17100910244416367,130176191.2464504,"[15760, 5380, 34730, 210, 35250]",0.0340737736,30.17619124645039
2023-08-08,단기 전략,-0.00554346058037724,-0.5543460580377241,129454564.66177204,"[15760, 34730, 1040, 5380, 35250]",0.0340737736,29.454564661772054
2023-08-09,단기 전략,0.0007061834809584316,0.07061834809584316,129545983.33687086,"[15760, 34730, 35250, 5380, 6360]",0.0340737736,29.54598333687086
2023-08-10,단기 전략,-0.0071370225595854455,-0.7137022559585445,128621410.73129193,"[15760, 34730, 5380, 35250, 1040]",0.0340737736,28.62141073129194
2023-08-11,단기 전략,-0.003454164166975901,-0.3454164166975901,128177131.26323803,"[15760, 34730, 5380, 1040, 35250]",0.034073773599999996,28.17713126323802
2023-08-14,단기 전략,-0.001969982237352951,-0.1969982237352951,127924624.5914146,"[15760, 34730, 1040, 375500, 35250]",0.0340737736,27.924624591414606
2023-08-15,단기 전략,0.00021981893923235274,0.021981893923235275,127952744.846694,"[15760, 34730, 5380, 6360, 7070]",0.0340737736,27.95274484669399
2023-08-16,단기 전략,0.0034653815820774613,0.34653815820774614,128396149.932062,"[15760, 5380, 1040, 34730, 35250]",0.034073773599999996,28.39614993206201
2023-08-17,단기 전략,0.00046249984272657055,0.04624998427265706,128455533.13121226,"[15760, 5380, 34730, 1040, 7310]",0.0340737736,28.455533131212274
2023-08-18,단기 전략,-0.0004441438670608493,-0.044414386706084934,128398480.39398201,"[15760, 34730, 5380, 35250, 6360]",0.0340737736,28.398480393982005
2023-08-21,단기 전략,5.15649075677335e-05,0.00515649075677335,128405101.24975535,"[15760, 5380, 34730, 5930, 210]",0.0340737736,28.405101249755347
2023-08-22,단기 전략,0.004601586856583599,0.4601586856583599,128995968.47598451,"[15760, 5380, 34730, 7310, 5930]",0.0340737736,28.99596847598451
2023-08-23,단기 전략,0.003786600753103113,0.3786600753103113,129484424.70736293,"[15760, 5930, 5380, 34730, 51910]",0.04854728045000001,29.484424707362944
2023-08-24,단기 전략,-0.0035950884816909417,-0.3595088481690942,129018916.74353911,"[15760, 5380, 5930, 34730, 24110]",0.04854728045,29.018916743539116
2023-08-25,단기 전략,-0.0002218584005157334,-0.022185840051573338,128990292.81303412,"[15760, 5930, 34730, 5380, 51910]",0.04854728045,28.990292813034113
2023-08-28,단기 전략,0.006412016332921888,0.6412016332921888,129817380.67733969,"[15760, 5930, 5380, 34730, 51910]",0.04854728045,29.817380677339678
2023-08-29,단기 전략,0.00422925087717782,0.42292508771778203,130366410.94844224,"[15760, 5380, 5930, 34730, 51910]",0.04854728045,30.366410948442237
2023-08-30,단기 전략,0.005974295889858618,0.5974295889858618,131145258.46154712,"[15760, 5930, 5380, 34730, 11170]",0.04854728045000001,31.145258461547122
2023-08-31,단기 전략,0.004219246970458531,0.42192469704585306,131698592.69600101,"[15760, 5930, 5380, 11170, 51910]",0.04854728045000001,31.698592696001015
2023-09-01,단기 전략,0.0012569803295889937,0.12569803295889936,131864135.23645443,"[15760, 5930, 34730, 5380, 51910]",0.04854728045,31.864135236454416
2023-09-04,단기 전략,-0.002235448228117462,-0.2235448228117462,131569359.78898785,"[15760, 5930, 5380, 34730, 880]",0.048547280449999994,31.56935978898785
2023-09-05,단기 전략,0.0005558397119300262,0.055583971193002624,131642491.26403178,"[15760, 5930, 5380, 51910, 34730]",0.04854728045,31.64249126403178
2023-09-06,단기 전략,0.0016284525079864505,0.16284525079864504,131856864.80908827,"[15760, 5930, 5380, 34730, 11170]",0.04854728045,31.856864809088272
2023-09-07,단기 전략,-0.0016637508954856675,-0.16637508954856675,131637487.83218622,"[15760, 5930, 5380, 34730, 51910]",0.04854728045,31.637487832186228
2023-09-08,단기 전략,-0.0031590822978935043,-0.3159082297893504,131221634.1746364,"[15760, 5930, 5380, 34730, 3550]",0.048547280449999994,31.221634174636392
2023-09-11,단기 전략,0.005117915977816972,0.5117915977816972,131893215.47281402,"[15760, 5930, 5380, 34730, 880]",0.04854728045000001,31.893215472814028
2023-09-12,단기 전략,-0.002164900415786437,-0.21649004157864368,131607679.79579751,"[15760, 5930, 34730, 5380, 51910]",0.048547280449999994,31.607679795797505
2023-09-13,단기 전략,-0.0036593370692771603,-0.36593370692771604,131126082.9345192,"[15760, 5930, 5380, 34730, 51910]",0.04854728045,31.126082934519196
2023-09-14,단기 전략,0.0011849167802370443,0.11849167802370443,131281456.43051508,"[15760, 5380, 5930, 34730, 51910]",0.04854728045,31.281456430515075
2023-09-15,단기 전략,-0.00045985737550429306,-0.045985737550429305,131221085.68450856,"[15760, 5930, 5380, 34730, 51910]",0.04854728045000001,31.221085684508566
2023-09-18,단기 전략,0.004847100606018646,0.4847100606018646,131857127.48845237,"[15760, 5930, 5380, 34730, 51910]",0.04854728045,31.857127488452374
2023-09-19,단기 전략,-0.002334531627989607,-0.2334531627989607,131549302.85395473,"[15760, 5380, 5930, 34730, 51910]",0.04854728045,31.549302853954742
2023-09-20,단기 전략,-0.008656545769000584,-0.8656545769000583,130410540.29291935,"[15760, 5930, 34730, 5380, 282330]",0.04513282519999999,30.410540292919364
2023-09-21,단기 전략,0.005989323731704797,0.5989323731704796,131191611.23676018,"[15760, 5930, 5380, 112610, 34730]",0.04513282519999999,31.191611236760174
2023-09-22,단기 전략,0.006743931707904325,0.6743931707904325,132076358.50359082,"[15760, 5380, 5930, 34730, 28260]",0.04513282519999999,32.07635850359083
2023-09-25,단기 전략,0.004747835228615351,0.47478352286153513,132703435.2913614,"[15760, 5930, 34730, 5380, 282330]",0.04513282519999999,32.703435291361416
2023-09-26,단기 전략,0.003259893356701532,0.3259893356701532,133136034.3384792,"[15760, 5930, 5380, 34730, 112610]",0.04513282519999999,33.136034338479206
2023-09-27,단기 전략,-0.0006317345826743495,-0.06317345826743495,133051927.70138747,"[15760, 5930, 5380, 112610, 34730]",0.04513282519999999,33.05192770138747
2023-09-28,단기 전략,0.0035694734659079607,0.3569473465907961,133526853.02690548,"[15760, 5380, 5930, 112610, 34730]",0.04513282519999999,33.52685302690548
2023-09-29,단기 전략,0.00952848845303537,0.952848845303537,134799162.1041425,"[15760, 5930, 34730, 5380, 112610]",0.04513282519999999,34.79916210414249
2023-10-02,단기 전략,-0.004626354068650862,-0.4626354068650862,134175533.45209126,"[15760, 5930, 5380, 34730, 336260]",0.04513282519999999,34.17553345209126
2023-10-03,단기 전략,-0.0032447916617033114,-0.3244791661703311,133740161.79994132,"[15760, 5380, 5930, 9830, 5300]",0.0451328252,33.740161799941326
2023-10-04,단기 전략,0.005420731478436637,0.5420731478436638,134465131.30494148,"[15760, 5380, 5930, 34730, 112610]",0.0451328252,34.465131304941465
2023-10-05,단기 전략,-0.0045027068783508525,-0.4502706878350853,133859674.23331636,"[15760, 5930, 5380, 5300, 34730]",0.04513282519999999,33.85967423331637
2023-10-06,단기 전략,0.0033108988402722967,0.33108988402722966,134302870.07349467,"[15760, 5930, 34730, 5380, 112610]",0.0451328252,34.30287007349466
2023-10-09,단기 전략,0.0029172216168375517,0.2917221616837552,134694661.3092764,"[15760, 5930, 34730, 5380, 5300]",0.0451328252,34.69466130927641
2023-10-10,단기 전략,-0.0017616244214728634,-0.17616244214728632,134457379.90447196,"[15760, 5930, 5380, 34730, 112610]",0.0451328252,34.45737990447198
2023-10-11,단기 전략,-6.958142502049483e-05,-0.006958142502049483,134448024.1683737,"[15760, 5930, 34730, 5380, 112610]",0.0451328252,34.44802416837371
2023-10-12,단기 전략,0.0009599202082169982,0.09599202082169982,134577083.54372776,"[15760, 5930, 5380, 34730, 112610]",0.0451328252,34.57708354372775
2023-10-13,단기 전략,-0.002622296701188196,-0.2622296701188196,134224182.5014955,"[15760, 5930, 5380, 34730, 112610]",0.04513282519999999,34.224182501495505
2023-10-16,단기 전략,-0.000695146752742147,-0.0695146752742147,134130876.99689013,"[15760, 5930, 5380, 34730, 282330]",0.04513282519999999,34.13087699689012
2023-10-17,단기 전략,0.00048493012594840856,0.04849301259484086,134195921.0999658,"[15760, 34730, 5930, 5380, 112610]",0.04513282519999999,34.19592109996579
2023-10-18,단기 전략,0.003950024636175344,0.3950024636175344,134725998.29438493,"[15760, 5380, 5930, 34730, 30200]",0.0451328252,34.72599829438492
2023-10-19,단기 전략,0.002137787177797446,0.2137787177797446,135014013.80605462,"[15760, 5380, 5930, 34730, 112610]",0.0451328252,35.01401380605462
2023-10-20,단기 전략,0.0011945147751303742,0.11945147751303742,135175290.04039562,"[15760, 5930, 5380, 34730, 112610]",0.0451328252,35.17529004039561
2023-10-23,단기 전략,0.008701124330725668,0.8701124330725668,136351467.045479,"[15760, 5930, 5380, 34730, 112610]",0.04513282519999999,36.351467045479005
2023-10-24,단기 전략,0.0013284077148103747,0.13284077148103748,136532597.38622794,"[15760, 5930, 34730, 5380, 112610]",0.0451328252,36.53259738622794
2023-10-25,단기 전략,-0.00541437759857487,-0.541437759857487,135793358.34946468,"[15760, 34730, 5380, 5930, 12330]",0.0523987396,35.79335834946469
2023-10-26,단기 전략,0.009162839024842745,0.9162839024842745,137037611.0326636,"[15760, 5380, 35720, 5930, 34730]",0.0523987396,37.037611032663605
2023-10-27,단기 전략,0.007730492033492314,0.7730492033492314,138096979.19304046,"[15760, 5380, 34730, 4020, 3490]",0.0523987396,38.09697919304047
2023-10-30,단기 전략,-0.0033589193114633167,-0.33589193114633165,137633122.5827742,"[15760, 5380, 34730, 5930, 6360]",0.0523987396,37.63312258277418
2023-10-31,단기 전략,0.0068249109934619715,0.6824910993461971,138572456.39415386,"[15760, 5380, 5930, 34730, 12330]",0.0523987396,38.57245639415385
2023-11-01,단기 전략,0.00655784154915659,0.655784154915659,139481192.6062641,"[15760, 5380, 34730, 3490, 5930]",0.0523987396,39.4811926062641
2023-11-02,단기 전략,0.0056379627971514645,0.5637962797151465,140267582.38108054,"[15760, 5380, 34730, 5930, 42660]",0.0523987396,40.267582381080544
2023-11-03,단기 전략,0.0027934427959625707,0.2793442795962571,140659411.84859005,"[15760, 5380, 5930, 34730, 42660]",0.0523987396,40.659411848590054
2023-11-06,단기 전략,0.0022196044412109185,0.22196044412109184,140971620.10382727,"[15760, 34730, 5380, 5930, 42660]",0.0523987396,40.97162010382726
2023-11-07,단기 전략,-0.0015172053920671118,-0.1517205392067112,140757737.2016773,"[15760, 34730, 5930, 6360, 5380]",0.0523987396,40.7577372016773
2023-11-08,단기 전략,-0.0029747920976443466,-0.29747920976443465,140339012.19736743,"[15760, 5380, 5930, 34730, 4020]",0.0523987396,40.33901219736742
2023-11-09,단기 전략,0.0017136412644143634,0.17136412644143634,140579502.91967598,"[15760, 5930, 5380, 4020, 34730]",0.0523987396,40.57950291967598
2023-11-10,단기 전략,0.005126640476145617,0.5126640476145616,141300203.4894604,"[15760, 5380, 34730, 5930, 35720]",0.0523987396,41.300203489460415
2023-11-13,단기 전략,-0.003404484382130868,-0.3404484382130868,140819149.15348864,"[15760, 5380, 5930, 34730, 3490]",0.0523987396,40.81914915348863
2023-11-14,단기 전략,0.005225418131088826,0.5225418131088826,141554988.0886798,"[15760, 5380, 34730, 5930, 42660]",0.0523987396,41.55498808867979
2023-11-15,단기 전략,-0.002922484815967292,-0.29224848159672917,141141295.7853662,"[15760, 5380, 5930, 42660, 12330]",0.0523987396,41.141295785366204
2023-11-16,단기 전략,-0.00014502061117779294,-0.014502061117779293,141120827.388389,"[15760, 5380, 34730, 42660, 5930]",0.0523987396,41.12082738838898
2023-11-17,단기 전략,0.0064115037054705715,0.6411503705470571,142025624.09610873,"[15760, 5380, 34730, 5930, 6360]",0.0523987396,42.02562409610873
2023-11-20,단기 전략,0.004723231674874368,0.4723231674874368,142696444.0224833,"[15760, 5380, 5930, 34730, 336260]",0.0523987396,42.69644402248329
2023-11-21,단기 전략,-6.084029016608459e-05,-0.006084029016608459,142687762.3294233,"[15760, 5380, 5930, 34730, 12330]",0.0523987396,42.68776232942331
2023-11-22,단기 전략,0.0016212043609124525,0.16212043609124524,142919088.35196063,"[5930, 5380, 316140, 4170, 105560]",0.0777319458,42.91908835196063
2023-11-23,단기 전략,0.0019982145664792237,0.19982145664792236,143204671.35613343,"[5930, 5380, 24110, 15760, 105560]",0.07773194580000001,43.20467135613344
2023-11-24,단기 전략,0.0036287513658689193,0.3628751365868919,143724325.5029158,"[5930, 5380, 105560, 316140, 55550]",0.0777319458,43.724325502915804
2023-11-27,단기 전략,0.001680523669809593,0.1680523669809593,143965857.63385087,"[5930, 5380, 24110, 105560, 4170]",0.07773194580000001,43.96585763385088
2023-11-28,단기 전략,-0.005441213199511685,-0.5441213199511685,143182508.70901456,"[5930, 5380, 24110, 105560, 55550]",0.0777319458,43.18250870901457
2023-11-29,단기 전략,0.0013376100528376175,0.13376100528376175,143374031.07205427,"[5930, 5380, 105560, 316140, 36460]",0.07773194580000001,43.374031072054265
2023-11-30,단기 전략,-0.005644525560373554,-0.5644525560373554,142564752.68897426,"[5930, 5380, 36460, 316140, 138930]",0.07773194580000001,42.56475268897426
2023-12-01,단기 전략,-0.003591385197930126,-0.3591385197930126,142052747.7464205,"[5930, 316140, 5380, 105560, 24110]",0.07773194580000001,42.05274774642049
2023-12-04,단기 전략,0.0015861565464812856,0.15861565464812855,142278065.64220414,"[5930, 5380, 15760, 24110, 316140]",0.07773194580000001,42.27806564220413
2023-12-05,단기 전략,0.010436388455210764,1.0436388455210766,143762934.80390215,"[5930, 105560, 55550, 24110, 316140]",0.07773194580000001,43.76293480390214
2023-12-06,단기 전략,-0.0022696323094965514,-0.22696323094965515,143436645.80216318,"[5930, 316140, 105560, 24110, 5380]",0.07773194580000001,43.43664580216318
2023-12-07,단기 전략,-0.006151295624797029,-0.615129562479703,142554324.59040478,"[5930, 5380, 24110, 15760, 36460]",0.07773194580000001,42.55432459040478
2023-12-08,단기 전략,0.0062960029382874375,0.6296002938287437,143451847.03689155,"[5930, 24110, 5380, 15760, 30200]",0.07773194580000001,43.45184703689156
2023-12-11,단기 전략,0.007119479470643479,0.7119479470643478,144473149.5168966,"[5930, 5380, 105560, 316140, 24110]",0.07773194580000001,44.473149516896605
2023-12-12,단기 전략,-0.0020459247555398075,-0.20459247555398075,144177568.32378918,"[5930, 5380, 105560, 24110, 55550]",0.0777319458,44.17756832378919
2023-12-13,단기 전략,0.003467802366506223,0.3467802366506223,144677547.63641953,"[5930, 24110, 105560, 5380, 138930]",0.07773194580000001,44.67754763641953
2023-12-14,단기 전략,0.016490010361804596,1.6490010361804597,147063281.89606458,"[5930, 5380, 24110, 4170, 105560]",0.07773194580000001,47.06328189606459
2023-12-15,단기 전략,-0.001982075872246474,-0.1982075872246474,146771791.313325,"[5930, 5380, 15760, 105560, 138930]",0.0777319458,46.77179131332498
2023-12-18,단기 전략,0.004682967511077122,0.46829675110771224,147459118.84358788,"[5930, 5380, 316140, 24110, 105560]",0.07773194580000001,47.459118843587866
2023-12-19,단기 전략,-0.0010011878372874978,-0.10011878372874977,147311484.56730455,"[5930, 5380, 316140, 24110, 55550]",0.07773194580000001,47.31148456730456
2023-12-20,단기 전략,0.0005169047441967927,0.05169047441967927,147387630.57255208,"[5930, 29780, 880, 3410, 6360]",0.07296104575,47.387630572552084
2023-12-21,단기 전략,-0.0018055935436311718,-0.18055935436311718,147121508.4183792,"[5930, 6360, 32640, 17670, 316140]",0.07296104575,47.121508418379186
2023-12-22,단기 전략,-0.0052967381399484995,-0.5296738139948499,146342244.3135328,"[5930, 29780, 6360, 66570, 1800]",0.07296104575,46.3422443135328
2023-12-25,단기 전략,0.004491987978793815,0.44919879787938155,146999611.9157789,"[5930, 66570, 105560, 29780, 3410]",0.07296104575,46.99961191577891
2023-12-26,단기 전략,0.00557136066535376,0.557136066535376,147818599.77142876,"[5930, 1800, 880, 17670, 15760]",0.07296104575,47.81859977142877
2023-12-27,단기 전략,-0.003971154270967742,-0.3971154270967742,147231589.307618,"[5930, 29780, 6360, 78930, 880]",0.07296104575,47.231589307617995
2023-12-28,단기 전략,0.003104381426725895,0.3104381426725895,147688652.3188919,"[5930, 29780, 1800, 6360, 15760]",0.07296104575,47.688652318891926
2023-12-29,단기 전략,-0.004368937472826269,-0.4368937472826269,147043409.83146468,"[5930, 6360, 29780, 17670, 1800]",0.07296104574999998,47.043409831464686
2024-01-01,단기 전략,0.0038219870940864745,0.3821987094086475,147605407.846111,"[5930, 29780, 6360, 316140, 24110]",0.07296104575,47.60540784611101
2024-01-02,단기 전략,-0.00110533481106387,-0.110533481106387,147442254.45051742,"[5930, 6360, 15760, 24110, 66570]",0.07296104575,47.44225445051742
2024-01-03,단기 전략,0.0032123124846372823,0.32123124846372825,147915885.04525188,"[5930, 1800, 3410, 15760, 66570]",0.07296104575,47.91588504525188
2024-01-04,단기 전략,-0.002977936476414927,-0.2977936476414927,147475400.93573442,"[5930, 29780, 66570, 15760, 316140]",0.07296104575,47.47540093573441
2024-01-05,단기 전략,0.006206219605989082,0.6206219605989082,148390665.6604229,"[5930, 78930, 66570, 29780, 6360]",0.07296104575000001,48.3906656604229
2024-01-08,단기 전략,-0.0008160279075586502,-0.08160279075586502,148269574.73602277,"[5930, 6360, 29780, 880, 78930]",0.07296104575,48.26957473602278
2024-01-09,단기 전략,0.0032069011681270395,0.32069011681270393,148745060.6084414,"[5930, 3410, 6360, 316140, 78930]",0.07296104575,48.74506060844141
2024-01-10,단기 전략,0.0032115040102729557,0.3211504010272956,149222755.9670937,"[5930, 29780, 6360, 66570, 3410]",0.07296104575,49.22275596709371
2024-01-11,단기 전략,0.0029802945125700833,0.2980294512570083,149667483.72785303,"[5930, 1800, 3410, 17670, 6360]",0.07296104575000001,49.66748372785303
2024-01-12,단기 전략,0.0004424407392579741,0.04424407392579741,149733702.71999648,"[5930, 29780, 78930, 24110, 6360]",0.07296104575000001,49.73370271999649
2024-01-15,단기 전략,0.005228055124155345,0.5228055124155345,150516518.7717605,"[5930, 6360, 24110, 15760, 97950]",0.07296104575000001,50.51651877176049
2024-01-16,단기 전략,-0.004024931210152893,-0.40249312101528933,149910700.13771248,"[5930, 6360, 1800, 29780, 78930]",0.07296104575000001,49.91070013771248
2024-01-17,단기 전략,-0.00017314361071199894,-0.017314361071199894,149884744.05780628,"[5930, 15760, 1800, 32640, 17670]",0.07296104575,49.88474405780627
2024-01-18,단기 전략,0.0008216823768321271,0.08216823768321271,150007901.71055457,"[5930, 1800, 29780, 6360, 66570]",0.07296104575,50.00790171055458
2024-01-19,단기 전략,0.008238441709758366,0.8238441709758366,151243733.0648001,"[5930, 6360, 15760, 32640, 3410]",0.07296104575,51.243733064800125
2024-01-22,단기 전략,-0.0013293840250906714,-0.13293840250906713,151042672.0621687,"[34730, 880, 32830, 5380, 12330]",0.08520665809999999,51.042672062168684
2024-01-23,단기 전략,-0.003990444493593483,-0.3990444493593483,150439944.66314057,"[32830, 34730, 5380, 880, 300720]",0.08520665809999999,50.439944663140565
2024-01-24,단기 전략,-0.0007075999742785154,-0.07075999742785155,150333493.36216646,"[32830, 34730, 300720, 5380, 12330]",0.0852066581,50.33349336216646
2024-01-25,단기 전략,0.0021681743089941954,0.21681743089941954,150659442.5802557,"[34730, 32830, 880, 5380, 300720]",0.08520665810000001,50.6594425802557
2024-01-26,단기 전략,0.003954622279142623,0.3954622279142623,151255243.76844677,"[34730, 5380, 32830, 4990, 12330]",0.08520665809999999,51.25524376844677
2024-01-29,단기 전략,-0.0011354223909347243,-0.11354223909347244,151083505.1779258,"[34730, 32830, 5380, 880, 12330]",0.0852066581,51.083505177925794
2024-01-30,단기 전략,0.0036249698441485853,0.3624969844148585,151631178.32814404,"[34730, 880, 32830, 300720, 5380]",0.0852066581,51.63117832814403
2024-01-31,단기 전략,-0.007307488297413872,-0.7307488297413872,150523135.26698804,"[32830, 34730, 5380, 880, 55550]",0.08520665809999999,50.52313526698804
2024-02-01,단기 전략,0.004567562798396813,0.4567562798396813,151210659.1399316,"[34730, 880, 12330, 5380, 32830]",0.0852066581,51.21065913993159
2024-02-02,단기 전략,0.0011450758514307054,0.11450758514307054,151383806.81419164,"[34730, 880, 32830, 300720, 4990]",0.08520665809999999,51.38380681419164
2024-02-05,단기 전략,0.001530729968974727,0.1530729968974727,151615534.5440996,"[34730, 5380, 32830, 12330, 880]",0.08520665809999999,51.615534544099596
2024-02-06,단기 전략,0.003934262052355144,0.39342620523551436,152212029.788204,"[34730, 32830, 880, 5380, 12330]",0.08520665809999999,52.212029788204006
2024-02-07,단기 전략,0.00939996214376517,0.9399962143765169,153642817.1060388,"[5380, 880, 34730, 6800, 32830]",0.0852066581,53.6428171060388
2024-02-08,단기 전략,0.004364258585473279,0.43642585854732796,154313354.08969015,"[34730, 32830, 5380, 880, 12330]",0.08520665809999999,54.31335408969016
2024-02-09,단기 전략,-0.0023670560179475633,-0.23670560179475633,153948085.73624247,"[34730, 32830, 5380, 12330, 10780]",0.0852066581,53.948085736242476
2024-02-12,단기 전략,0.004502030786666037,0.4502030786666037,154641164.75777534,"[34730, 300720, 32830, 880, 5380]",0.08520665810000001,54.64116475777534
2024-02-13,단기 전략,-0.003325350712441948,-0.3325350712441948,154126928.65037522,"[300720, 32830, 880, 5380, 10780]",0.0852066581,54.12692865037523
2024-02-14,단기 전략,-0.000676150799682819,-0.06761507996828191,154022715.6043156,"[5380, 880, 34730, 32830, 300720]",0.08520665810000001,54.02271560431562
2024-02-15,단기 전략,0.005673971079944974,0.5673971079944974,154896636.03830907,"[32830, 34730, 880, 5380, 300720]",0.08520665809999999,54.896636038309076
2024-02-16,단기 전략,0.0015833501385530038,0.15833501385530038,155141891.6484417,"[32830, 34730, 300720, 4990, 5380]",0.08520665809999999,55.1418916484417
2024-02-19,단기 전략,0.006637626229022381,0.6637626229022381,156171665.53766754,"[34730, 300720, 32830, 4990, 12330]",0.0852066581,56.17166553766755
2024-02-20,단기 전략,0.0015351175552590674,0.15351175552590673,156411407.40306848,"[34730, 5380, 32830, 880, 12330]",0.0852066581,56.411407403068495
2024-02-21,단기 전략,-0.007162701096202732,-0.7162701096202732,155291079.24380392,"[5930, 4370, 32350, 178920, 114090]",0.06741930045,55.29107924380392
2024-02-22,단기 전략,0.0007967398300024395,0.07967398300024395,155414805.83188152,"[5930, 32350, 114090, 8770, 26960]",0.06741930045,55.41480583188152
2024-02-23,단기 전략,0.004345429170270366,0.4345429170270366,156090149.8626353,"[5930, 32350, 178920, 4370, 8770]",0.06741930045,56.09014986263532
2024-02-26,단기 전략,-0.002279993427117019,-0.22799934271170189,155734265.3469108,"[5930, 178920, 32350, 4370, 298020]",0.06741930045,55.734265346910796
2024-02-27,단기 전략,0.00010861275071435122,0.010861275071435122,155751180.0738506,"[5930, 178920, 4370, 32350, 8770]",0.06741930045,55.751180073850605
2024-02-28,단기 전략,-0.0019665019073707582,-0.19665019073707582,155444895.08116013,"[5930, 32350, 4370, 8770, 178920]",0.06741930045,55.444895081160126
2024-02-29,단기 전략,0.006507813056901045,0.6507813056901045,156456501.3989979,"[5930, 4370, 32350, 178920, 8770]",0.06741930045,56.456501398997894
2024-03-01,단기 전략,-0.004910457245661169,-0.49104572456611695,155688228.43807238,"[5930, 114090, 178920, 32350, 8770]",0.06741930045,55.68822843807237
2024-03-04,단기 전략,0.0004629538351794846,0.04629538351794846,155760304.9005201,"[5930, 178920, 114090, 4370, 32350]",0.06741930045,55.76030490052008
2024-03-05,단기 전략,0.007695219565612371,0.7695219565612371,156958914.64633632,"[5930, 32350, 4370, 8770, 114090]",0.06741930045,56.95891464633631
2024-03-06,단기 전략,0.0043293330097236285,0.4329333009723628,157638442.0566851,"[5930, 8770, 32350, 4370, 178920]",0.06741930045,57.63844205668509
2024-03-07,단기 전략,-0.0005894747682738046,-0.05894747682738046,157545518.1725827,"[5930, 32350, 4370, 178920, 114090]",0.06741930045,57.54551817258269
2024-03-08,단기 전략,-0.0035412354044092468,-0.3541235404409247,156987612.40582395,"[5930, 4370, 32350, 69260, 298020]",0.06741930045,56.98761240582395
2024-03-11,단기 전략,-0.0006670265955890728,-0.06670265955890728,156882897.49317124,"[5930, 178920, 4370, 114090, 8770]",0.06741930045,56.882897493171235
2024-03-12,단기 전략,-0.0008529449159264162,-0.08529449159264162,156749085.02335864,"[5930, 4370, 178920, 32350, 8770]",0.06741930045,56.749085023358646
2024-03-13,단기 전략,-0.007454813292688098,-0.7454813292688098,155580549.86070982,"[5930, 32350, 178920, 4370, 8770]",0.06741930045,55.580549860709816
2024-03-14,단기 전략,-0.0018339307407207381,-0.1833930740720738,155295225.90766203,"[5930, 32350, 114090, 178920, 4370]",0.06741930045,55.29522590766203
2024-03-15,단기 전략,0.001215213532750743,0.1215213532750743,155483942.7677566,"[5930, 32350, 4370, 298020, 114090]",0.06741930045,55.48394276775661
2024-03-18,단기 전략,0.002281371721273838,0.2281371721273838,155838659.4378991,"[5930, 178920, 32350, 32640, 298020]",0.06741930045,55.83865943789912
2024-03-19,단기 전략,-0.004470803288637257,-0.44708032886372573,155141935.44678733,"[5930, 4370, 32350, 114090, 178920]",0.06741930045,55.141935446787336
2024-03-20,단기 전략,-0.00015048585308837886,-0.015048585308837886,155118588.78028184,"[5930, 178920, 32350, 4370, 114090]",0.06741930045,55.11858878028184
2024-03-21,단기 전략,-0.005386241008649984,-0.5386241008649985,154283082.67618957,"[990, 51910, 670, 7070, 178920]",0.056355198149999994,54.28308267618958
2024-03-22,단기 전략,-0.0006931729656525114,-0.06931729656525114,154176137.8142209,"[9900, 51910, 16380, 32640, 32350]",0.056355198149999994,54.1761378142209
2024-03-25,단기 전략,0.0036689411002534533,0.36689411002534533,154741800.98292586,"[16380, 8770, 9900, 120110, 990]",0.056355198149999994,54.74180098292587
2024-03-26,단기 전략,-0.00803561065556759,-0.803561065556759,153498356.11808574,"[8770, 7070, 178920, 114090, 32640]",0.056355198149999994,53.49835611808573
2024-03-27,단기 전략,-0.0007199412084105926,-0.07199412084105926,153387846.32609305,"[9900, 8770, 51910, 178920, 670]",0.056355198149999994,53.387846326093054
2024-03-28,단기 전략,0.009036794148172548,0.9036794148172548,154773980.71817347,"[8770, 51910, 16380, 120110, 178920]",0.056355198149999994,54.773980718173476
2024-03-29,단기 전략,0.0058414378854773664,0.5841437885477366,155678083.31282675,"[9900, 16380, 32350, 51910, 114090]",0.056355198149999994,55.67808331282676
2024-04-01,단기 전략,0.003943531267217618,0.3943531267217618,156292004.70199138,"[16380, 8770, 7310, 9900, 51910]",0.056355198149999994,56.29200470199138
2024-04-02,단기 전략,0.0008840597539802447,0.08840597539802447,156430176.17321733,"[8770, 16380, 178920, 7310, 120110]",0.056355198149999994,56.430176173217326
2024-04-03,단기 전략,0.002684789773392149,0.2684789773392149,156850158.3104571,"[9900, 8770, 114090, 32350, 178920]",0.056355198149999994,56.8501583104571
2024-04-04,단기 전략,-0.0035653014396227695,-0.35653014396227695,156290940.21522778,"[16380, 32350, 8770, 178920, 51910]",0.056355198149999994,56.29094021522778
2024-04-05,단기 전략,0.0019444748956258626,0.19444748956258626,156594844.02489007,"[178920, 7070, 51910, 16380, 8770]",0.056355198149999994,56.59484402489006
2024-04-08,단기 전략,0.0015902854241590897,0.15902854241590897,156843874.52284133,"[9900, 178920, 8770, 114090, 7070]",0.056355198149999994,56.84387452284134
2024-04-09,단기 전략,0.007430533708173079,0.7430533708173079,158009308.21940377,"[32640, 178920, 990, 8770, 114090]",0.056355198149999994,58.00930821940378
2024-04-10,단기 전략,-0.0029856515284882187,-0.29856515284882185,157537547.48680314,"[114090, 8770, 670, 9900, 32350]",0.056355198149999994,57.537547486803156
2024-04-11,단기 전략,0.00808149999319209,0.808149999319209,158810687.17574525,"[178920, 16380, 51910, 114090, 7070]",0.056355198149999994,58.810687175745244
2024-04-12,단기 전략,0.0029736978223937416,0.29736978223937416,159282942.1703726,"[7070, 51910, 670, 120110, 16380]",0.056355198149999994,59.2829421703726
2024-04-15,단기 전략,-0.000526978830261721,-0.0526978830261721,159199003.431827,"[178920, 51910, 8770, 120110, 990]",0.056355198149999994,59.199003431827
2024-04-16,단기 전략,0.004871709953220641,0.48717099532206415,159974574.80138865,"[32640, 9900, 16380, 7070, 51910]",0.056355198149999994,59.974574801388655
2024-04-17,단기 전략,0.004110393639950611,0.41103936399506114,160632133.2762061,"[178920, 51910, 8770, 16380, 7070]",0.056355198149999994,60.63213327620611
2024-04-18,단기 전략,0.0024421086911025646,0.24421086911025647,161024414.4049503,"[16380, 670, 8770, 7070, 9900]",0.056355198149999994,61.0244144049503
2024-04-19,단기 전략,0.006743762944600761,0.6743762944600761,162110324.88399044,"[34730, 4000, 3490, 66570, 96770]",0.07286498779999999,62.110324883990444
2024-04-22,단기 전략,0.006105982847748218,0.6105982847748218,163100167.74717498,"[302440, 34730, 4000, 670, 120110]",0.07286498779999999,63.10016774717497
2024-04-23,단기 전략,0.006002380998466278,0.6002380998466278,164079157.09490725,"[4000, 670, 34730, 51910, 3490]",0.07286498779999999,64.07915709490726
2024-04-24,단기 전략,-0.0020392383174679366,-0.20392383174679365,163744560.5906615,"[34730, 670, 4000, 96770, 302440]",0.07286498779999999,63.74456059066149
2024-04-25,단기 전략,0.004005221372590072,0.4005221372590072,164400393.8043846,"[4000, 302440, 670, 120110, 51910]",0.07286498779999999,64.40039380438458
2024-04-26,단기 전략,0.00039141158024886164,0.039141158024886165,164464742.02231708,"[34730, 96770, 670, 4000, 51910]",0.07286498779999999,64.4647420223171
2024-04-29,단기 전략,-9.837057537874184e-05,-0.009837057537874184,164448563.53101483,"[34730, 4000, 670, 3490, 120110]",0.07286498779999999,64.44856353101483
2024-04-30,단기 전략,-0.0019759338481772906,-0.19759338481772906,164123624.04804978,"[4000, 670, 34730, 51910, 302440]",0.07286498779999999,64.12362404804979
2024-05-01,단기 전략,0.0012927605750196562,0.12927605750196564,164335796.59864846,"[670, 3490, 4000, 34730, 51910]",0.07286498779999999,64.33579659864846
2024-05-02,단기 전략,-0.0005704574606163348,-0.05704574606163348,164242050.01743242,"[4000, 34730, 3490, 990, 66570]",0.07286498779999999,64.24205001743242
2024-05-03,단기 전략,0.00941581823962887,0.941581823962887,165788523.3077006,"[4000, 670, 34730, 96770, 120110]",0.07286498779999999,65.7885233077006
2024-05-06,단기 전략,0.005120058548468755,0.5120058548468756,166637370.2537002,"[4000, 3490, 66570, 120110, 302440]",0.07286498779999999,66.6373702537002
2024-05-07,단기 전략,0.012572966007971937,1.2572966007971937,168732496.24555779,"[34730, 670, 120110, 302440, 4000]",0.07286498779999999,68.7324962455578
2024-05-08,단기 전략,0.0007804425826803473,0.07804425826803474,168864182.27070975,"[34730, 4000, 670, 66570, 990]",0.07286498779999999,68.86418227070976
2024-05-09,단기 전략,0.0072514683956193355,0.7251468395619336,170088695.5515979,"[34730, 4000, 3490, 670, 66570]",0.07286498779999999,70.0886955515979
2024-05-10,단기 전략,0.002983984508327524,0.2983984508327524,170596237.58416548,"[34730, 4000, 51910, 96770, 3490]",0.07286498779999999,70.5962375841655
2024-05-13,단기 전략,-0.004837038938196626,-0.4837038938196626,169771056.94026104,"[4000, 34730, 3490, 120110, 51910]",0.07286498779999999,69.77105694026105
2024-05-14,단기 전략,0.003730576622906409,0.3730576622906409,170404400.87652847,"[4000, 34730, 670, 96770, 24110]",0.07286498779999999,70.40440087652846
2024-05-15,단기 전략,-0.006465527859874069,-0.646552785987407,169302646.47521612,"[34730, 51910, 670, 4000, 3490]",0.07286498779999999,69.30264647521611
2024-05-16,단기 전략,0.0054760625655293,0.5476062565529299,170229758.3598241,"[4000, 51910, 34730, 990, 670]",0.07286498779999999,70.2297583598241
2024-05-17,단기 전략,0.007826168969124789,0.7826168969124789,171562005.21232137,"[34730, 670, 4000, 120110, 66570]",0.07286498779999999,71.56200521232137
2024-05-20,단기 전략,0.005323793995801414,0.5323793995801414,172475365.9855784,"[4000, 34730, 670, 302440, 120110]",0.07286498779999999,72.47536598557838
2024-05-21,단기 전략,0.0025222394254350976,0.25222394254350977,172910390.1535836,"[120110, 670, 302440, 34730, 4000]",0.07286498779999999,72.91039015358358
2024-05-22,단기 전략,-0.0021954210198896987,-0.21954210198896987,172530779.04848307,"[34730, 32640, 1740, 5490, 285130]",0.07738759575000001,72.53077904848307
2024-05-23,단기 전략,0.009837809190103988,0.9837809190103988,174228103.932182,"[34730, 33780, 5490, 285130, 35420]",0.07738759575000001,74.22810393218202
2024-05-24,단기 전략,0.00874274495747112,0.874274495747112,175751335.80928484,"[5490, 34730, 33780, 32640, 1740]",0.07738759575000001,75.75133580928484
2024-05-27,단기 전략,0.005453457595477414,0.5453457595477414,176709788.2664693,"[5490, 1740, 34730, 32640, 285130]",0.07738759575000001,76.7097882664693
2024-05-28,단기 전략,0.005235995077416149,0.5235995077416149,177635039.84796378,"[34730, 35420, 5490, 285130, 1740]",0.07738759575000001,77.63503984796378
2024-05-29,단기 전략,-0.0015968101567759123,-0.15968101567759124,177351390.41213524,"[34730, 33780, 32640, 5490, 35420]",0.07738759575000001,77.35139041213523
2024-05-30,단기 전략,-0.004923949867731205,-0.4923949867731205,176478121.05677345,"[34730, 32640, 5490, 1740, 285130]",0.07738759575000001,76.47812105677345
2024-05-31,단기 전략,0.008394865730669738,0.8394865730669738,177959631.18744597,"[34730, 32640, 1740, 5490, 33780]",0.07738759575000001,77.95963118744598
2024-06-03,단기 전략,0.00011361765844578667,0.011361765844578667,177979850.54403937,"[34730, 32640, 33780, 5490, 4020]",0.07738759575000001,77.97985054403938
2024-06-04,단기 전략,0.004553682413448839,0.4553682413448839,178790314.25941002,"[34730, 35420, 1740, 33780, 285130]",0.07738759575000001,78.79031425941004
2024-06-05,단기 전략,0.00731208008641559,0.731208008641559,180097643.35595024,"[34730, 5490, 32640, 1740, 33780]",0.07738759575000001,80.09764335595024
2024-06-06,단기 전략,-0.0013029856494248845,-0.13029856494248845,179862978.71116218,"[34730, 35420, 32640, 5490, 1740]",0.07738759575000001,79.86297871116217
2024-06-07,단기 전략,0.0012758133412592717,0.12758133412592718,180092450.29900053,"[5490, 35420, 34730, 285130, 33780]",0.07738759575000001,80.09245029900055
2024-06-10,단기 전략,0.004459362222325917,0.4459362222325917,180895547.76839,"[34730, 32640, 33780, 5490, 4020]",0.07738759575000001,80.89554776839
2024-06-11,단기 전략,0.0012045688664400732,0.12045688664400732,181113448.91330945,"[34730, 5490, 32640, 35420, 33780]",0.07738759575000001,81.11344891330945
2024-06-12,단기 전략,-0.0011240449266015351,-0.11240449266015351,180909869.25991914,"[34730, 5490, 33780, 32640, 35420]",0.07738759575000001,80.90986925991915
2024-06-13,단기 전략,0.002438757601909738,0.2438757601909738,181351064.57883728,"[34730, 5490, 32640, 285130, 33780]",0.07738759575000001,81.35106457883727
2024-06-14,단기 전략,0.012204673205575159,1.2204673205575158,183564395.05750513,"[34730, 1740, 33780, 32640, 5490]",0.07738759575000001,83.56439505750512
2024-06-17,단기 전략,-0.00227223703306484,-0.22722370330648398,183147293.24110332,"[34730, 32640, 1740, 285130, 33780]",0.07738759575000001,83.14729324110333
2024-06-18,단기 전략,0.00653797197162409,0.653797197162409,184344705.11099246,"[34730, 32640, 5490, 1740, 285130]",0.07738759575000001,84.34470511099246
2024-06-19,단기 전략,0.0031611657644019285,0.31611657644019286,184927449.28163812,"[1740, 32640, 34730, 5490, 35420]",0.07738759575000001,84.92744928163812
2024-06-20,단기 전략,0.004554461783279217,0.45544617832792167,185769694.28207064,"[302440, 17670, 5490, 670, 23530]",0.08892594420000002,85.76969428207065
2024-06-21,단기 전략,0.004724067832684681,0.4724067832684681,186647282.91911626,"[5490, 302440, 17670, 4020, 139480]",0.0889259442,86.64728291911625
2024-06-24,단기 전략,0.002656920826554148,0.26569208265541483,187143189.9723238,"[5490, 302440, 23530, 670, 139480]",0.0889259442,87.1431899723238
2024-06-25,단기 전략,0.001347666410980331,0.1347666410980331,187395396.56349322,"[5490, 4020, 139480, 302440, 670]",0.0889259442,87.39539656349322
2024-06-26,단기 전략,0.005819979478724969,0.5819979478724969,188486033.92590028,"[5490, 4020, 302440, 670, 139480]",0.0889259442,88.48603392590029
2024-06-27,단기 전략,0.005038501718346855,0.5038501718346855,189435721.1317203,"[302440, 5490, 4020, 139480, 670]",0.08892594420000002,89.43572113172031
2024-06-28,단기 전략,-0.00048196756769024066,-0.04819675676902407,189344419.2579728,"[5490, 302440, 4020, 23530, 670]",0.0889259442,89.3444192579728
2024-07-01,단기 전략,-0.0017586962079534398,-0.17586962079534396,189011419.94582665,"[5490, 4020, 302440, 670, 16380]",0.0889259442,89.01141994582665
2024-07-02,단기 전략,0.0014705290301397762,0.14705290301397764,189289366.7258849,"[670, 5490, 302440, 4020, 17670]",0.0889259442,89.28936672588492
2024-07-03,단기 전략,0.00445532768855419,0.445532768855419,190132712.88260764,"[5490, 302440, 139480, 670, 4020]",0.08892594420000002,90.13271288260765
2024-07-04,단기 전략,-0.002763008412111977,-0.2763008412111977,189607374.59749532,"[5490, 139480, 670, 17670, 4020]",0.0889259442,89.60737459749532
2024-07-05,단기 전략,-0.006260669001008678,-0.6260669001008679,188420305.58499014,"[5490, 302440, 139480, 670, 4020]",0.0889259442,88.42030558499015
2024-07-08,단기 전략,0.0032039715893645237,0.3203971589364524,189023998.89094386,"[5490, 302440, 4020, 316140, 17670]",0.0889259442,89.02399889094386
2024-07-09,단기 전략,0.004170127896111882,0.41701278961118815,189812253.1417536,"[5490, 670, 302440, 17670, 4020]",0.0889259442,89.8122531417536
2024-07-10,단기 전략,0.0035610459727179397,0.356104597271794,190488183.30137658,"[5490, 139480, 4020, 302440, 17670]",0.0889259442,90.48818330137658
2024-07-11,단기 전략,0.009729313240673257,0.9729313240673257,192341502.50536245,"[5490, 139480, 302440, 4020, 670]",0.0889259442,92.34150250536246
2024-07-12,단기 전략,-0.0035409200797637307,-0.3540920079763731,191660436.6169693,"[5490, 4020, 302440, 16380, 17670]",0.0889259442,91.66043661696928
2024-07-15,단기 전략,0.0018404630272035622,0.18404630272035621,192013180.5643405,"[302440, 139480, 5490, 4020, 670]",0.0889259442,92.01318056434049
2024-07-16,단기 전략,0.0024137476372292797,0.24137476372292796,192476651.92524454,"[5490, 4020, 139480, 670, 302440]",0.08892594420000002,92.47665192524454
2024-07-17,단기 전략,0.0025142674090513047,0.25142674090513045,192960589.69818348,"[139480, 670, 5490, 4020, 302440]",0.0889259442,92.96058969818348
2024-07-18,단기 전략,-0.0011772965857588028,-0.11772965857588027,192733417.8547458,"[35250, 30000, 4020, 4990, 139480]",0.0,92.73341785474581
2024-07-19,단기 전략,0.00035011160627635427,0.03501116062763543,192800896.06125405,"[35250, 30000, 5490, 4020, 23530]",0.0,92.80089606125405
2024-07-22,단기 전략,0.0011991067484503346,0.11991067484503345,193032084.91682836,"[5490, 10060, 32640, 8770, 670]",0.0,93.03208491682837
2024-07-23,단기 전략,-0.002789202462433567,-0.2789202462433567,192493679.35024968,"[8770, 139480, 23530, 5490, 35720]",0.0,92.49367935024968
2024-07-24,단기 전략,0.0015968053472308473,0.15968053472308474,192801054.2867443,"[35250, 5490, 139480, 114090, 8770]",0.0,92.8010542867443
2024-07-25,단기 전략,-0.00560591808129234,-0.5605918081292339,191720227.37042603,"[5490, 32640, 139480, 35250, 10060]",0.0,91.72022737042602
2024-07-26,단기 전략,0.011627668767217639,1.1627668767217638,193949486.670265,"[8770, 670, 5490, 35250, 51910]",0.0,93.94948667026499
2024-07-29,단기 전략,0.003170462007660555,0.3170462007660555,194564396.14915833,"[35250, 5490, 8770, 114090, 670]",0.0,94.56439614915833
2024-07-30,단기 전략,-0.0015524617350645329,-0.15524617350645328,194262342.36913082,"[5490, 35250, 114090, 32640, 23530]",0.0,94.26234236913082
2024-07-31,단기 전략,0.004530280361170219,0.4530280361170219,195142405.24368063,"[670, 35250, 23530, 4020, 10060]",0.0,95.14240524368063
2024-08-01,단기 전략,-0.004492944696846067,-0.44929446968460673,194265641.20891124,"[5490, 23530, 8770, 30000, 12330]",0.0,94.26564120891123
2024-08-02,단기 전략,-0.005839086295470476,-0.5839086295470476,193131307.3656475,"[8770, 5490, 35250, 32640, 670]",0.0,93.1313073656475
2024-08-05,단기 전략,-0.003251207156042125,-0.32512071560421246,192503397.47708455,"[8770, 32640, 23530, 30000, 670]",0.0,92.50339747708453
2024-08-06,단기 전략,-0.0022713124096151015,-0.22713124096151016,192066162.12150177,"[23530, 8770, 5490, 35250, 4020]",0.0,92.06616212150178
2024-08-07,단기 전략,8.567351826431358e-05,0.008567351826431358,192082617.10535026,"[8770, 35250, 32640, 23530, 5490]",0.0,92.08261710535027
2024-08-08,단기 전략,-0.009028834001174855,-0.9028834001174855,190348335.04099482,"[5490, 23530, 30000, 10060, 32640]",0.0,90.34833504099483
2024-08-09,단기 전략,0.004313299518920221,0.43132995189202206,191169364.42295438,"[35250, 5490, 12330, 51910, 4020]",0.0,91.16936442295437
2024-08-12,단기 전략,0.009231031705977258,0.9231031705977258,192934054.88715416,"[8770, 30000, 11210, 23530, 12330]",0.0,92.93405488715416
2024-08-13,단기 전략,-0.0076793307376574905,-0.767933073765749,191452450.46911836,"[5490, 8770, 12330, 670, 23530]",0.0,91.45245046911836
2024-08-14,단기 전략,-0.0009456623143959427,-0.09456623143959426,191271401.10171095,"[23530, 8770, 670, 32640, 5490]",0.0,91.27140110171095
2024-08-15,단기 전략,-0.0012696889339418207,-0.12696889339418208,191028545.92035255,"[5490, 12330, 35250, 32640, 4990]",0.0,91.02854592035254
2024-08-16,단기 전략,0.003531043199729736,0.3531043199729736,191703075.96837887,"[5930, 32640, 8770, 4990, 114090]",0.0,91.70307596837888
2024-08-19,단기 전략,0.0008755485383339014,0.08755485383339014,191870921.31633708,"[5930, 5490, 15760, 35720, 670]",0.0,91.87092131633707
2024-08-20,단기 전략,0.0049376984165651,0.49376984165651,192818322.06070563,"[32640, 5490, 5930, 51910, 4990]",0.0,92.81832206070564
2024-08-21,단기 전략,0.002029028299231206,0.20290282992312061,193209555.8927771,"[4990, 4170, 4020, 23530, 32640]",0.0,93.20955589277709
2024-08-22,단기 전략,0.009655918170074298,0.9655918170074298,195075171.55415416,"[5930, 39130, 4020, 15760, 670]",0.0,95.07517155415415
2024-08-23,단기 전략,-0.0066495547416004315,-0.6649554741600432,193778008.5221777,"[8770, 5930, 32640, 4020, 15760]",0.0,93.7780085221777
2024-08-26,단기 전략,0.000826518141636815,0.08265181416368149,193938169.56167156,"[4020, 5930, 23530, 4990, 5490]",0.0,93.93816956167156
2024-08-27,단기 전략,0.008574104499400027,0.8574104499400027,195601015.6939157,"[39130, 5930, 670, 5490, 8770]",0.0,95.6010156939157
2024-08-28,단기 전략,-0.0005679226037083286,-0.056792260370832855,195489929.4557948,"[5930, 15760, 4990, 4170, 4020]",0.0,95.48992945579482
2024-08-29,단기 전략,-0.003148298980187545,-0.3148298980187545,194874468.7102522,"[32640, 5490, 5930, 4020, 39130]",0.0,94.8744687102522
2024-08-30,단기 전략,-0.005875151981335878,-0.5875151981335879,193729551.58929738,"[5930, 114090, 5490, 32640, 4020]",0.0,93.72955158929739
2024-09-02,단기 전략,-0.0016448014706501326,-0.16448014706501327,193410904.9379349,"[5930, 5490, 114090, 32640, 4990]",0.0,93.41090493793492
2024-09-03,단기 전략,-0.004303996816051568,-0.43039968160515685,192578465.01889238,"[32640, 5490, 4170, 15760, 4990]",0.0,92.57846501889237
2024-09-04,단기 전략,0.0025175115521679633,0.2517511552167963,193063283.52927622,"[5930, 5490, 8770, 32640, 4990]",0.0,93.06328352927622
2024-09-05,단기 전략,0.0011424747455346614,0.11424747455346615,193283853.4549984,"[5930, 32640, 8770, 5490, 35720]",0.0,93.28385345499841
2024-09-06,단기 전략,-0.005116789411740813,-0.5116789411740813,192294860.68017942,"[8770, 4170, 15760, 30000, 4990]",0.0,92.29486068017943
2024-09-09,단기 전략,0.004934862485682553,0.4934862485682553,193243809.3743396,"[5930, 4990, 4020, 32640, 15760]",0.0,93.2438093743396
2024-09-10,단기 전략,-0.0004622747696544917,-0.04622747696544917,193154477.63687393,"[4170, 4990, 4020, 5490, 30000]",0.0,93.15447763687392
2024-09-11,단기 전략,0.0021152286926474934,0.21152286926474934,193563043.5300848,"[4020, 5930, 4990, 35720, 32640]",0.0,93.5630435300848
2024-09-12,단기 전략,0.007036891847231289,0.7036891847231288,194925125.7330269,"[32640, 5930, 15760, 4020, 39130]",0.0,94.92512573302689
2024-09-13,단기 전략,0.007008254118400226,0.7008254118400226,196291210.54822505,"[5930, 5380, 10950, 271560, 32640]",0.0,96.29121054822505
2024-09-16,단기 전략,0.003928834098615492,0.3928834098615492,197062406.1494854,"[5930, 10950, 5380, 5300, 15760]",0.0,97.0624061494854
2024-09-17,단기 전략,0.006641242033824957,0.6641242033824957,198371145.28449205,"[5930, 10950, 5380, 32640, 80]",0.0,98.37114528449204
2024-09-18,단기 전략,0.0006835655263232718,0.06835655263232718,198506744.9608258,"[5930, 5380, 10950, 32640, 4990]",0.0,98.50674496082581
2024-09-19,단기 전략,-0.0002587396944688722,-0.02587396944688722,198455383.38628462,"[5930, 10950, 5380, 32640, 1800]",0.0,98.45538338628461
2024-09-20,단기 전략,0.008488551882757236,0.8488551882757236,200139982.2045716,"[5930, 10950, 5380, 97950, 24110]",0.0,100.13998220457161
2024-09-23,단기 전략,0.002863389249430721,0.2863389249430721,200713060.87799743,"[5930, 10950, 5380, 5300, 26960]",0.0,100.7130608779974
2024-09-24,단기 전략,-0.0076439991046909125,-0.7643999104690913,199178810.42034623,"[5930, 10950, 97950, 80, 4020]",0.0,99.17881042034622
2024-09-25,단기 전략,0.0041049292491665435,0.41049292491665434,199996425.34505492,"[5930, 10950, 5380, 32640, 80]",0.0,99.99642534505493
2024-09-26,단기 전략,-0.000775857836899195,-0.0775857836899195,199841256.55109915,"[5930, 5380, 5300, 10950, 80]",0.0,99.84125655109915
2024-09-27,단기 전략,0.0016810777050168002,0.16810777050168002,200177205.23202977,"[5930, 10950, 32640, 5300, 5380]",0.0,100.17720523202978
2024-09-30,단기 전략,-0.0008457010145311123,-0.08457010145311124,200007915.16647905,"[5930, 10950, 5380, 5300, 4020]",0.0,100.00791516647905
2024-10-01,단기 전략,0.0005008064413856872,0.050080644138568726,200108080.41872254,"[5930, 10950, 5380, 80, 5300]",0.0,100.10808041872252
2024-10-02,단기 전략,-0.001503203820859647,-0.1503203820859647,199807277.18765223,"[5930, 10950, 5380, 32640, 24110]",0.0,99.80727718765223
2024-10-03,단기 전략,0.0031894226192737607,0.31894226192737607,200444547.03701,"[5930, 10950, 5380, 1800, 32640]",0.0,100.44454703701003
2024-10-04,단기 전략,-0.008155090487902932,-0.8155090487902932,198809903.61811647,"[5930, 5380, 10950, 80, 1800]",0.0,98.80990361811648
2024-10-07,단기 전략,-0.005623394691669756,-0.5623394691669755,197691917.06145898,"[5930, 5380, 5300, 1800, 10950]",0.0,97.69191706145897
2024-10-08,단기 전략,0.007818668651667917,0.7818668651667917,199237604.65607554,"[5930, 5380, 5300, 1800, 80]",0.0,99.23760465607555
2024-10-09,단기 전략,0.0026733261967145272,0.2673326196714527,199770231.76397327,"[5930, 10950, 5380, 4020, 5300]",0.0,99.77023176397326
2024-10-10,단기 전략,0.004021012074533496,0.4021012074533496,200573510.27802855,"[5930, 5380, 10950, 5300, 1800]",0.0,100.57351027802856
2024-10-11,단기 전략,0.0038954114513298013,0.3895411451329801,201354826.62679902,"[5930, 5380, 10950, 32640, 5300]",0.0,101.354826626799
2024-10-14,단기 전략,0.009426692285401984,0.9426692285401984,203252936.61759034,"[5930, 10950, 5380, 26960, 1800]",0.0,103.25293661759032
2024-10-15,단기 전략,0.004843596724609857,0.48435967246098566,204237411.87565863,"[5930, 10950, 5380, 5300, 32640]",0.0,104.23741187565865
2024-10-16,단기 전략,-0.0049943390459405755,-0.49943390459405756,203217380.9948862,"[5930, 10950, 5380, 5300, 1800]",0.0,103.2173809948862
2024-10-17,단기 전략,-7.236284367266527e-05,-0.007236284367266527,203202675.6073137,"[5930, 5380, 24110, 10950, 267250]",0.0,103.20267560731371
2024-10-18,단기 전략,0.0007039042028372721,0.07039042028372722,203345710.82470143,"[5930, 80, 5300, 10950, 26960]",0.0,103.34571082470143
2024-10-21,단기 전략,0.005204391819710941,0.5204391819710941,204404001.5786908,"[5930, 32640, 880, 3550, 4170]",0.0,104.40400157869081
2024-10-22,단기 전략,0.007231338011802757,0.7231338011802757,205882116.00507137,"[5930, 17670, 880, 28260, 32640]",0.0,105.88211600507135
2024-10-23,단기 전략,0.006508549390112505,0.6508549390112506,207222109.92563125,"[5930, 32640, 17670, 28260, 880]",0.0,107.22210992563123
2024-10-24,단기 전략,0.0055107364161894115,0.5510736416189411,208364056.35303804,"[5930, 32640, 15760, 34730, 17670]",0.0,108.36405635303805
2024-10-25,단기 전략,0.001831119862738293,0.1831119862738293,208745595.9153068,"[5930, 32640, 34730, 3550, 15760]",0.0,108.7455959153068
2024-10-28,단기 전략,-0.005748128907427203,-0.5748128907427202,207545699.32112792,"[5930, 880, 28260, 32640, 34730]",0.0,107.54569932112794
2024-10-29,단기 전략,0.008024299647862422,0.8024299647862422,209211108.20310578,"[5930, 28260, 7070, 32640, 880]",0.0,109.21110820310575
2024-10-30,단기 전략,-0.009266363198433197,-0.9266363198433196,207272482.0893491,"[5930, 32640, 28260, 34730, 5380]",0.0,107.2724820893491
2024-10-31,단기 전략,-0.0016869042682379864,-0.16869042682379864,206922833.25462428,"[5930, 28260, 7070, 880, 32640]",0.0,106.92283325462428
2024-11-01,단기 전략,-0.00554261627341332,-0.554261627341332,205775939.3916864,"[5930, 28260, 32640, 3550, 5300]",0.0,105.77593939168639
2024-11-04,단기 전략,-0.001569365845980833,-0.1569365845980833,205453001.66048047,"[5930, 880, 17670, 32640, 34730]",0.0,105.45300166048048
2024-11-05,단기 전략,-0.0023029595008130224,-0.23029595008130224,204979851.7183359,"[5930, 32640, 17670, 880, 34730]",0.0,104.97985171833588
2024-11-06,단기 전략,0.013520099062142433,1.3520099062142432,207751199.61931106,"[5930, 15760, 28260, 17670, 7070]",0.0,107.75119961931105
2024-11-07,단기 전략,0.004620142935496488,0.46201429354964885,208711039.85657313,"[5930, 880, 32640, 69960, 34730]",0.0,108.71103985657315
2024-11-08,단기 전략,-0.001476929128761256,-0.1476929128761256,208402788.4423149,"[5930, 32640, 28260, 880, 17670]",0.0,108.40278844231489
2024-11-11,단기 전략,0.0030376163911784645,0.3037616391178465,209035836.1684546,"[5930, 32640, 7070, 5490, 880]",0.0,109.03583616845461
2024-11-12,단기 전략,0.003162372594026927,0.3162372594026927,209696885.3679232,"[5930, 880, 7070, 17670, 5300]",0.0,109.69688536792322
2024-11-13,단기 전략,0.006423128233893194,0.6423128233893194,211043795.35288936,"[5930, 32640, 28260, 880, 17670]",0.0,111.04379535288938
2024-11-14,단기 전략,-0.003536716261466298,-0.3536716261466298,210297393.32998323,"[5930, 32640, 17670, 15760, 240]",0.0,110.29739332998325
2024-11-15,단기 전략,0.0035124510018908475,0.3512451001890847,211036052.61988017,"[5930, 32640, 34730, 3550, 880]",0.0,111.0360526198802
2024-11-18,단기 전략,-0.004506955782865698,-0.45069557828656975,210084922.46213183,"[34730, 96770, 5380, 32640, 1800]",0.0,110.08492246213181
2024-11-19,단기 전략,-0.003712623961344115,-0.3712623961344115,209304956.1450818,"[34730, 24110, 69260, 51910, 4020]",0.0,109.3049561450818
2024-11-20,단기 전략,0.004071535008271085,0.40715350082710844,210157148.60143116,"[34730, 24110, 5380, 96770, 720]",0.0,110.15714860143117
2024-11-21,단기 전략,0.005020066367858645,0.5020066367858644,211212151.43509027,"[24110, 34730, 96770, 5380, 3550]",0.0,111.21215143509029
2024-11-22,단기 전략,-0.0035453227116303025,-0.35453227116303027,210463336.19763514,"[34730, 24110, 5380, 32640, 69260]",0.0,110.46333619763513
2024-11-25,단기 전략,0.002252909156157532,0.2252909156157532,210937490.97479028,"[34730, 24110, 96770, 5380, 4020]",0.0,110.93749097479026
2024-11-26,단기 전략,0.0044278125810200426,0.44278125810200425,211871482.65113723,"[24110, 34730, 5380, 32640, 96770]",0.0,111.87148265113724
2024-11-27,단기 전략,0.0012462719132839298,0.12462719132839298,212135532.1291912,"[24110, 5380, 34730, 4020, 69960]",0.0,112.1355321291912
2024-11-28,단기 전략,-0.0027557669075921115,-0.27557669075921115,211550936.0498251,"[34730, 24110, 5380, 32640, 3550]",0.0,111.55093604982511
2024-11-29,단기 전략,0.003969265099486848,0.3969265099486848,212390637.79705146,"[24110, 34730, 5380, 23530, 17670]",0.0,112.39063779705147
2024-12-02,단기 전략,-0.005552955373769902,-0.5552955373769902,211211242.06355792,"[34730, 24110, 69260, 720, 139130]",0.0,111.2112420635579
2024-12-03,단기 전략,0.0023990526606075223,0.23990526606075224,211717948.9557807,"[24110, 34730, 139130, 1800, 5380]",0.0,111.71794895578073
2024-12-04,단기 전략,-0.0028165325932334477,-0.2816532593233448,211121638.4519742,"[34730, 5380, 24110, 720, 69260]",0.0,111.1216384519742
2024-12-05,단기 전략,0.002383412890950104,0.23834128909501043,211624828.48661914,"[34730, 5380, 24110, 139130, 96770]",0.0,111.62482848661917
2024-12-06,단기 전략,0.00814512246677684,0.8145122466776841,213348538.63165328,"[34730, 24110, 5380, 32640, 96770]",0.0,113.34853863165328
2024-12-09,단기 전략,-0.0012044930608289775,-0.12044930608289775,213091561.79733345,"[34730, 24110, 5380, 32640, 4020]",0.0,113.09156179733347
2024-12-10,단기 전략,-0.005495275620138099,-0.5495275620138099,211920564.93293142,"[34730, 5380, 24110, 69260, 32640]",0.0,111.92056493293143
2024-12-11,단기 전략,-0.0021218532063403566,-0.21218532063403567,211470900.602739,"[34730, 24110, 32640, 69260, 5380]",0.0,111.47090060273901
2024-12-12,단기 전략,0.0022625590808495943,0.22625590808495943,211949366.00923318,"[34730, 24110, 5380, 139130, 69960]",0.0,111.94936600923317
2024-12-13,단기 전략,0.0045442299519663,0.45442299519663004,212912512.6665526,"[34730, 5380, 24110, 23530, 32640]",0.0,112.91251266655263
2024-12-16,단기 전략,-0.000697369912563329,-0.0697369912563329,212764033.8862107,"[34730, 24110, 96770, 720, 5380]",0.0,112.76403388621073
2024-12-17,단기 전략,0.0021889417777664266,0.21889417777664266,213229761.96879038,"[34730, 24110, 5380, 3550, 32640]",0.0,113.2297619687904
2024-12-18,단기 전략,-0.0073672045985710794,-0.736720459857108,211658854.68586168,"[24110, 34730, 5380, 69260, 3550]",0.0,111.65885468586167
2024-12-19,단기 전략,-0.0027870447453873072,-0.2787044745387307,211068951.98709476,"[24110, 34730, 32640, 1800, 51910]",0.0,111.06895198709475
2024-12-20,단기 전략,-0.0019778331103698006,-0.19778331103698005,210651492.82528362,"[24110, 34730, 5380, 32640, 17670]",0.0,110.65149282528361
2024-12-23,단기 전략,0.0025559329045016337,0.2555932904501634,211189903.90717816,"[34730, 5380, 24110, 32640, 23530]",0.0,111.18990390717815
2024-12-24,단기 전략,-0.00019931551776016285,-0.019931551776016285,211147810.48213518,"[24110, 5380, 32640, 34730, 51910]",0.0,111.14781048213516
2024-12-25,단기 전략,-0.003852835615908886,-0.3852835615908886,210334292.67768842,"[34730, 24110, 1800, 5380, 32640]",0.0,110.33429267768841
2024-12-26,단기 전략,0.0004119323419658065,0.04119323419658065,210420936.17546687,"[34730, 5380, 24110, 3550, 69960]",0.0,110.42093617546685
2024-12-27,단기 전략,0.004914287364476052,0.49142873644760515,211455005.12333518,"[34730, 32640, 139130, 24110, 5380]",0.0,111.45500512333517
2024-12-30,단기 전략,0.005430120543854007,0.5430120543854007,212603231.29075617,"[34730, 24110, 32640, 5380, 4990]",0.0,112.60323129075616
2024-12-31,단기 전략,0.0031277333831555704,0.31277333831555704,213268197.51463103,"[5380, 34730, 24110, 3550, 139130]",0.0,113.26819751463103
